[
  {
    "id": "6285775337517@s.whatsapp.net",
    "balance": 1e+68
  },
  {
    "id": "6283861352974@s.whatsapp.net",
    "balance": 1e+61
  },
  {
    "id": "6282184660055@s.whatsapp.net",
    "balance": 1e+59
  },
  {
    "id": "6281333147799@s.whatsapp.net",
    "balance": 1e+57
  },
  {
    "id": "62881027534189@s.whatsapp.net",
    "balance": 1e+57
  },
  {
    "id": "6287863826975@s.whatsapp.net",
    "balance": 1e+38
  },
  {
    "id": "628990663828@s.whatsapp.net",
    "balance": 9.999999999999996e+23
  },
  {
    "id": "6289688072070@s.whatsapp.net",
    "balance": 9000000000284192000
  },
  {
    "id": "60179550293@s.whatsapp.net",
    "balance": 19293748190847390
  },
  {
    "id": "6289699691811@s.whatsapp.net",
    "balance": 3000000000500
  },
  {
    "id": "6281217126883@s.whatsapp.net",
    "balance": 1838349010
  },
  {
    "id": "6283128456689@s.whatsapp.net",
    "balance": 90002500
  },
  {
    "id": "6285766074661@s.whatsapp.net",
    "balance": 964824
  },
  {
    "id": "6282121352612@s.whatsapp.net",
    "balance": 158338
  },
  {
    "id": "6285783556085@s.whatsapp.net",
    "balance": 114673
  },
  {
    "id": "6281313972155@s.whatsapp.net",
    "balance": 102074
  },
  {
    "id": "6281277577393@s.whatsapp.net",
    "balance": 75029
  },
  {
    "id": "6283847967871@s.whatsapp.net",
    "balance": 49000
  },
  {
    "id": "62881022187489@s.whatsapp.net",
    "balance": 41000
  },
  {
    "id": "62895622998687@s.whatsapp.net",
    "balance": 39000
  },
  {
    "id": "6285733503101@s.whatsapp.net",
    "balance": 35200
  },
  {
    "id": "6288218339171@s.whatsapp.net",
    "balance": 35000
  },
  {
    "id": "62882005450454@s.whatsapp.net",
    "balance": 32003
  },
  {
    "id": "6285722456203@s.whatsapp.net",
    "balance": 29900
  },
  {
    "id": "6281221610658@s.whatsapp.net",
    "balance": 28200
  },
  {
    "id": "62882003079618@s.whatsapp.net",
    "balance": 31278
  },
  {
    "id": "6288991720655@s.whatsapp.net",
    "balance": 27738
  },
  {
    "id": "6283162110494@s.whatsapp.net",
    "balance": 26200
  },
  {
    "id": "6283119939295@s.whatsapp.net",
    "balance": 25750
  },
  {
    "id": "6285649023478@s.whatsapp.net",
    "balance": 25000
  },
  {
    "id": "6285853563428@s.whatsapp.net",
    "balance": 24000
  },
  {
    "id": "6285703015021@s.whatsapp.net",
    "balance": 23250
  },
  {
    "id": "6281575811587@s.whatsapp.net",
    "balance": 23250
  },
  {
    "id": "6282169605069@s.whatsapp.net",
    "balance": 22000
  },
  {
    "id": "6281216556871@s.whatsapp.net",
    "balance": 20000
  },
  {
    "id": "6281529471004@s.whatsapp.net",
    "balance": 18750
  },
  {
    "id": "6281347257874@s.whatsapp.net",
    "balance": 16500
  },
  {
    "id": "6282132155258@s.whatsapp.net",
    "balance": 15500
  },
  {
    "id": "6283823341523@s.whatsapp.net",
    "balance": 14000
  },
  {
    "id": "62881026909020@s.whatsapp.net",
    "balance": 14000
  },
  {
    "id": "6281234390601@s.whatsapp.net",
    "balance": 13373
  },
  {
    "id": "6285706737445@s.whatsapp.net",
    "balance": 12500
  },
  {
    "id": "6283146220596@s.whatsapp.net",
    "balance": 12500
  },
  {
    "id": "6288218738457@s.whatsapp.net",
    "balance": 12667
  },
  {
    "id": "6283152666842@s.whatsapp.net",
    "balance": 12750
  },
  {
    "id": "6285266539923@s.whatsapp.net",
    "balance": 11500
  },
  {
    "id": "6289529749054@s.whatsapp.net",
    "balance": 11410
  },
  {
    "id": "62881036249948@s.whatsapp.net",
    "balance": 11110
  },
  {
    "id": "6285975297431@s.whatsapp.net",
    "balance": 13660
  },
  {
    "id": "6285856886528@s.whatsapp.net",
    "balance": 10290
  },
  {
    "id": "6283841325156@s.whatsapp.net",
    "balance": 10250
  },
  {
    "id": "6281239019405@s.whatsapp.net",
    "balance": 10000
  },
  {
    "id": "6283840202934@s.whatsapp.net",
    "balance": 9000
  },
  {
    "id": "6282183994536@s.whatsapp.net",
    "balance": 8564
  },
  {
    "id": "6281372212901@s.whatsapp.net",
    "balance": 7750
  },
  {
    "id": "6281944309000@s.whatsapp.net",
    "balance": 7500
  },
  {
    "id": "6289512727519@s.whatsapp.net",
    "balance": 7450
  },
  {
    "id": "6283128393826@s.whatsapp.net",
    "balance": 7250
  },
  {
    "id": "6282333115962@s.whatsapp.net",
    "balance": 7000
  },
  {
    "id": "6283843605475@s.whatsapp.net",
    "balance": 6500
  },
  {
    "id": "6281345276303@s.whatsapp.net",
    "balance": 6250
  },
  {
    "id": "6281349130673@s.whatsapp.net",
    "balance": 6000
  },
  {
    "id": "6282370186648@s.whatsapp.net",
    "balance": 6000
  },
  {
    "id": "6288991483042@s.whatsapp.net",
    "balance": 5500
  },
  {
    "id": "6285642739439@s.whatsapp.net",
    "balance": 5500
  },
  {
    "id": "6285221367784@s.whatsapp.net",
    "balance": 7350
  },
  {
    "id": "6285786587637@s.whatsapp.net",
    "balance": 10800
  },
  {
    "id": "62881036962705@s.whatsapp.net",
    "balance": 5000
  },
  {
    "id": "6288227664372@s.whatsapp.net",
    "balance": 5527
  },
  {
    "id": "6281252208310@s.whatsapp.net",
    "balance": 4500
  },
  {
    "id": "6283877095869@s.whatsapp.net",
    "balance": 4250
  },
  {
    "id": "6285740865864@s.whatsapp.net",
    "balance": 4000
  },
  {
    "id": "62882007844771@s.whatsapp.net",
    "balance": 4000
  },
  {
    "id": "6285272766645@s.whatsapp.net",
    "balance": 4000
  },
  {
    "id": "6283879887098@s.whatsapp.net",
    "balance": 3900
  },
  {
    "id": "6282122487954@s.whatsapp.net",
    "balance": 3750
  },
  {
    "id": "6285235618397@s.whatsapp.net",
    "balance": 3600
  },
  {
    "id": "6288287568052@s.whatsapp.net",
    "balance": 3500
  },
  {
    "id": "6285936521256@s.whatsapp.net",
    "balance": 3500
  },
  {
    "id": "6287866876312@s.whatsapp.net",
    "balance": 3450
  },
  {
    "id": "6281374407087@s.whatsapp.net",
    "balance": 3400
  },
  {
    "id": "6288742910779@s.whatsapp.net",
    "balance": 4750
  },
  {
    "id": "62895326547979@s.whatsapp.net",
    "balance": 3250
  },
  {
    "id": "6281538770632@s.whatsapp.net",
    "balance": 3000
  },
  {
    "id": "6283199309887@s.whatsapp.net",
    "balance": 3000
  },
  {
    "id": "6285163730274@s.whatsapp.net",
    "balance": 3000
  },
  {
    "id": "6287773005523@s.whatsapp.net",
    "balance": 2750
  },
  {
    "id": "6281239642201@s.whatsapp.net",
    "balance": 2750
  },
  {
    "id": "62895602539966@s.whatsapp.net",
    "balance": 2750
  },
  {
    "id": "6285827621439@s.whatsapp.net",
    "balance": 2750
  },
  {
    "id": "6285793982653@s.whatsapp.net",
    "balance": 2500
  },
  {
    "id": "6289531105929@s.whatsapp.net",
    "balance": 2500
  },
  {
    "id": "62881026820072@s.whatsapp.net",
    "balance": 2500
  },
  {
    "id": "6281520465703@s.whatsapp.net",
    "balance": 2282
  },
  {
    "id": "6281212782189@s.whatsapp.net",
    "balance": 2250
  },
  {
    "id": "6285691624365@s.whatsapp.net",
    "balance": 2250
  },
  {
    "id": "6285696702533@s.whatsapp.net",
    "balance": 2250
  },
  {
    "id": "6281292346487@s.whatsapp.net",
    "balance": 2200
  },
  {
    "id": "6285852714929@s.whatsapp.net",
    "balance": 2000
  },
  {
    "id": "62895608907152@s.whatsapp.net",
    "balance": 100
  },
  {
    "id": "6289693913838@s.whatsapp.net",
    "balance": 1750
  },
  {
    "id": "6285340681215@s.whatsapp.net",
    "balance": 1750
  },
  {
    "id": "6287788362012@s.whatsapp.net",
    "balance": 1750
  },
  {
    "id": "6282136222061@s.whatsapp.net",
    "balance": 1750
  },
  {
    "id": "6281389462580@s.whatsapp.net",
    "balance": 1750
  },
  {
    "id": "6281291553414@s.whatsapp.net",
    "balance": 1750
  },
  {
    "id": "6282159042411@s.whatsapp.net",
    "balance": 1500
  },
  {
    "id": "6283144671196@s.whatsapp.net",
    "balance": 1500
  },
  {
    "id": "6281272550748@s.whatsapp.net",
    "balance": 1500
  },
  {
    "id": "62895633232040@s.whatsapp.net",
    "balance": 1500
  },
  {
    "id": "6281515756989@s.whatsapp.net",
    "balance": 1500
  },
  {
    "id": "6281770934203@s.whatsapp.net",
    "balance": 1500
  },
  {
    "id": "6282219247655@s.whatsapp.net",
    "balance": 1500
  },
  {
    "id": "6282178410948@s.whatsapp.net",
    "balance": 1500
  },
  {
    "id": "6281222338448@s.whatsapp.net",
    "balance": 1500
  },
  {
    "id": "6283875495150@s.whatsapp.net",
    "balance": 1500
  },
  {
    "id": "6285736965859@s.whatsapp.net",
    "balance": 1450
  },
  {
    "id": "62895343624567@s.whatsapp.net",
    "balance": 1426
  },
  {
    "id": "6285607569358@s.whatsapp.net",
    "balance": 1250
  },
  {
    "id": "62882005109982@s.whatsapp.net",
    "balance": 1250
  },
  {
    "id": "6285641442058@s.whatsapp.net",
    "balance": 1250
  },
  {
    "id": "6285975236414@s.whatsapp.net",
    "balance": 1250
  },
  {
    "id": "6281334915256@s.whatsapp.net",
    "balance": 1250
  },
  {
    "id": "6289517016422@s.whatsapp.net",
    "balance": 1250
  },
  {
    "id": "6281297163090@s.whatsapp.net",
    "balance": 1250
  },
  {
    "id": "6281320977277@s.whatsapp.net",
    "balance": 1056
  },
  {
    "id": "62895393243100@s.whatsapp.net",
    "balance": 1050
  },
  {
    "id": "6287760289764@s.whatsapp.net",
    "balance": 1559
  },
  {
    "id": "6285604210958@s.whatsapp.net",
    "balance": 1000
  },
  {
    "id": "6283835749036@s.whatsapp.net",
    "balance": 1000
  },
  {
    "id": "6282132069154@s.whatsapp.net",
    "balance": 1000
  },
  {
    "id": "6283872596471@s.whatsapp.net",
    "balance": 1000
  },
  {
    "id": "6285226180290@s.whatsapp.net",
    "balance": 1000
  },
  {
    "id": "6281292497271@s.whatsapp.net",
    "balance": 1000
  },
  {
    "id": "601158201857@s.whatsapp.net",
    "balance": 1000
  },
  {
    "id": "6281217057044@s.whatsapp.net",
    "balance": 1000
  },
  {
    "id": "6285752150697@s.whatsapp.net",
    "balance": 1000
  },
  {
    "id": "6289656942050@s.whatsapp.net",
    "balance": 750
  },
  {
    "id": "6285257212036@s.whatsapp.net",
    "balance": 750
  },
  {
    "id": "62882007804278@s.whatsapp.net",
    "balance": 750
  },
  {
    "id": "6287762363373@s.whatsapp.net",
    "balance": 750
  },
  {
    "id": "6285879768771@s.whatsapp.net",
    "balance": 750
  },
  {
    "id": "6281331498030@s.whatsapp.net",
    "balance": 750
  },
  {
    "id": "62895603433129@s.whatsapp.net",
    "balance": 750
  },
  {
    "id": "6289519108422@s.whatsapp.net",
    "balance": 750
  },
  {
    "id": "6287806936797@s.whatsapp.net",
    "balance": 750
  },
  {
    "id": "6287872585464@s.whatsapp.net",
    "balance": 750
  },
  {
    "id": "6283123140231@s.whatsapp.net",
    "balance": 750
  },
  {
    "id": "6282229557102@s.whatsapp.net",
    "balance": 750
  },
  {
    "id": "6285871219612@s.whatsapp.net",
    "balance": 701
  },
  {
    "id": "6287841757210@s.whatsapp.net",
    "balance": 700
  },
  {
    "id": "601131242256@s.whatsapp.net",
    "balance": 700
  },
  {
    "id": "6287746254404@s.whatsapp.net",
    "balance": 550
  },
  {
    "id": "6282185586869@s.whatsapp.net",
    "balance": 500
  },
  {
    "id": "62895600721400@s.whatsapp.net",
    "balance": 500
  },
  {
    "id": "6281391654936@s.whatsapp.net",
    "balance": 500
  },
  {
    "id": "6281325585616@s.whatsapp.net",
    "balance": 500
  },
  {
    "id": "6285759968033@s.whatsapp.net",
    "balance": 500
  },
  {
    "id": "6285669570514@s.whatsapp.net",
    "balance": 500
  },
  {
    "id": "6289656615209@s.whatsapp.net",
    "balance": 500
  },
  {
    "id": "6281338546376@s.whatsapp.net",
    "balance": 500
  },
  {
    "id": "6281296901027@s.whatsapp.net",
    "balance": 500
  },
  {
    "id": "6281312634410@s.whatsapp.net",
    "balance": 500
  },
  {
    "id": "6281231759436@s.whatsapp.net",
    "balance": 500
  },
  {
    "id": "6285838519006@s.whatsapp.net",
    "balance": 500
  },
  {
    "id": "6287809731800@s.whatsapp.net",
    "balance": 500
  },
  {
    "id": "6282246327167@s.whatsapp.net",
    "balance": 500
  },
  {
    "id": "6285399932029@s.whatsapp.net",
    "balance": 500
  },
  {
    "id": "6281250257945@s.whatsapp.net",
    "balance": 500
  },
  {
    "id": "6289612906911@s.whatsapp.net",
    "balance": 262
  },
  {
    "id": "6282137845778@s.whatsapp.net",
    "balance": 250
  },
  {
    "id": "6285692804188@s.whatsapp.net",
    "balance": 250
  },
  {
    "id": "6285725967244@s.whatsapp.net",
    "balance": 250
  },
  {
    "id": "6288212724629@s.whatsapp.net",
    "balance": 250
  },
  {
    "id": "6289517996897@s.whatsapp.net",
    "balance": 250
  },
  {
    "id": "6285776004186@s.whatsapp.net",
    "balance": 250
  },
  {
    "id": "6289631070011@s.whatsapp.net",
    "balance": 250
  },
  {
    "id": "628176447224@s.whatsapp.net",
    "balance": 250
  },
  {
    "id": "62895345540003@s.whatsapp.net",
    "balance": 250
  },
  {
    "id": "6287770146167@s.whatsapp.net",
    "balance": 250
  },
  {
    "id": "6285848901574@s.whatsapp.net",
    "balance": 250
  },
  {
    "id": "6281917058744@s.whatsapp.net",
    "balance": 250
  },
  {
    "id": "62887437247331@s.whatsapp.net",
    "balance": 250
  },
  {
    "id": "6289530517999@s.whatsapp.net",
    "balance": 250
  },
  {
    "id": "6285962389535@s.whatsapp.net",
    "balance": 250
  },
  {
    "id": "62882001578077@s.whatsapp.net",
    "balance": 250
  },
  {
    "id": "6281338746406@s.whatsapp.net",
    "balance": 250
  },
  {
    "id": "6282328534214@s.whatsapp.net",
    "balance": 250
  },
  {
    "id": "6281211595578@s.whatsapp.net",
    "balance": 250
  },
  {
    "id": "6285823577750@s.whatsapp.net",
    "balance": 250
  },
  {
    "id": "6281312231498@s.whatsapp.net",
    "balance": 250
  },
  {
    "id": "6289529365146@s.whatsapp.net",
    "balance": 250
  },
  {
    "id": "6281370934136@s.whatsapp.net",
    "balance": 250
  },
  {
    "id": "6285221730065@s.whatsapp.net",
    "balance": 250
  },
  {
    "id": "6287767633624@s.whatsapp.net",
    "balance": 250
  },
  {
    "id": "60107749311@s.whatsapp.net",
    "balance": 250
  },
  {
    "id": "6285933034139@s.whatsapp.net",
    "balance": 100
  },
  {
    "id": "6282363893907@s.whatsapp.net",
    "balance": 50
  },
  {
    "id": "6289626020889@s.whatsapp.net",
    "balance": 50
  },
  {
    "id": "62882000018465@s.whatsapp.net",
    "balance": 11
  },
  {
    "id": "62895630681952@s.whatsapp.net",
    "balance": 10
  },
  {
    "id": "2@s.whatsapp.net",
    "balance": 2
  },
  {
    "id": "6285349900224@s.whatsapp.net",
    "balance": 0
  },
  {
    "id": "6282177149062@s.whatsapp.net",
    "balance": null
  },
  {
    "id": "6285789083230@s.whatsapp.net",
    "balance": 0
  },
  {
    "id": "6281935249040@s.whatsapp.net",
    "balance": null
  },
  {
    "id": "6287721683876@s.whatsapp.net",
    "balance": null
  },
  {
    "id": "6287844031143@s.whatsapp.net",
    "balance": null
  },
  {
    "id": "6281575808269@s.whatsapp.net",
    "balance": null
  },
  {
    "id": "6283866387314@s.whatsapp.net",
    "balance": null
  },
  {
    "id": "6285754550089@s.whatsapp.net",
    "balance": null
  },
  {
    "id": "6288214852126@s.whatsapp.net",
    "balance": 0
  },
  {
    "id": "6281539910749@s.whatsapp.net",
    "balance": 0
  },
  {
    "id": "6282376211265@s.whatsapp.net",
    "balance": 0
  },
  {
    "id": "6285604737225@s.whatsapp.net",
    "balance": 250
  },
  {
    "id": "6281390137712@s.whatsapp.net",
    "balance": 6000
  },
  {
    "id": "6282116146105@s.whatsapp.net",
    "balance": 500
  },
  {
    "id": "6285937035955@s.whatsapp.net",
    "balance": 250
  },
  {
    "id": "62895325660200@s.whatsapp.net",
    "balance": 500
  },
  {
    "id": "6282220634577@s.whatsapp.net",
    "balance": 250
  },
  {
    "id": "6283117585343@s.whatsapp.net",
    "balance": 500
  },
  {
    "id": "6289516201451@s.whatsapp.net",
    "balance": 750
  },
  {
    "id": "6285842120338@s.whatsapp.net",
    "balance": 250
  },
  {
    "id": "62877634135212@s.whatsapp.net",
    "balance": 460
  },
  {
    "id": "62857452677827@s.whatsapp.net",
    "balance": 526
  }
]